,Country Name,1960,1961,1962,1963,1964,1965,1966,1967,1968,1969,1970,1971,1972,1973,1974,1975,1976,1977,1978,1979,1980,1981,1982,1983,1984,1985,1986,1987,1988,1989,1990,1991,1992,1993,1994,1995,1996,1997,1998,1999,2000,2001,2002,2003,2004,2005,2006,2007,2008,2009,2010,2011,2012,2013,2014,2015,2016,2017,2018,2019,2020,2021
0,Afghanistan,..,..,..,..,..,..,..,..,..,..,..,..,..,..,..,..,..,..,..,..,..,..,..,..,..,..,..,..,..,..,500,500,550,670,800,930,1000,1200,1300,1500,1700,1900,2200,2400,2700,3000,3200,3500,3800,4100,4400,4800,5400,5900,6400,6900,7500,8000,8700,9400,10000,11000
1,Africa Eastern and Southern,..,..,..,..,..,..,..,..,..,..,..,..,..,..,..,..,..,..,..,..,..,..,..,..,..,..,..,..,..,..,..,..,..,..,..,..,..,..,..,..,..,..,..,..,..,..,..,..,..,..,..,..,..,..,..,..,..,..,..,..,..,..
2,Africa Western and Central,..,..,..,..,..,..,..,..,..,..,..,..,..,..,..,..,..,..,..,..,..,..,..,..,..,..,..,..,..,..,..,..,..,..,..,..,..,..,..,..,..,..,..,..,..,..,..,..,..,..,..,..,..,..,..,..,..,..,..,..,..,..
3,Albania,..,..,..,..,..,..,..,..,..,..,..,..,..,..,..,..,..,..,..,..,..,..,..,..,..,..,..,..,..,..,100,100,100,100,100,100,100,100,100,100,200,200,200,500,500,500,500,520,600,680,760,840,910,980,1100,1100,1200,1200,1300,1300,1400,1400
4,Algeria,..,..,..,..,..,..,..,..,..,..,..,..,..,..,..,..,..,..,..,..,..,..,..,..,..,..,..,..,..,..,500,520,630,760,900,1100,1200,1400,1700,1900,2200,2500,2800,3200,3500,3900,4300,4700,5100,5600,6100,6800,7600,8500,9800,11000,13000,15000,16000,18000,20000,21000
5,American Samoa,..,..,..,..,..,..,..,..,..,..,..,..,..,..,..,..,..,..,..,..,..,..,..,..,..,..,..,..,..,..,..,..,..,..,..,..,..,..,..,..,..,..,..,..,..,..,..,..,..,..,..,..,..,..,..,..,..,..,..,..,..,..
6,Andorra,..,..,..,..,..,..,..,..,..,..,..,..,..,..,..,..,..,..,..,..,..,..,..,..,..,..,..,..,..,..,..,..,..,..,..,..,..,..,..,..,..,..,..,..,..,..,..,..,..,..,..,..,..,..,..,..,..,..,..,..,..,..
7,Angola,..,..,..,..,..,..,..,..,..,..,..,..,..,..,..,..,..,..,..,..,..,..,..,..,..,..,..,..,..,..,14000,18000,23000,29000,36000,44000,53000,64000,75000,88000,100000,120000,130000,140000,160000,170000,190000,210000,220000,230000,250000,260000,270000,280000,290000,300000,300000,310000,310000,310000,310000,320000
8,Antigua and Barbuda,..,..,..,..,..,..,..,..,..,..,..,..,..,..,..,..,..,..,..,..,..,..,..,..,..,..,..,..,..,..,..,..,..,..,..,..,..,..,..,..,..,..,..,..,..,..,..,..,..,..,..,..,..,..,..,..,..,..,..,..,..,..
9,Arab World,..,..,..,..,..,..,..,..,..,..,..,..,..,..,..,..,..,..,..,..,..,..,..,..,..,..,..,..,..,..,..,..,..,..,..,..,..,..,..,..,..,..,..,..,..,..,..,..,..,..,..,..,..,..,..,..,..,..,..,..,..,..
10,Argentina,..,..,..,..,..,..,..,..,..,..,..,..,..,..,..,..,..,..,..,..,..,..,..,..,..,..,..,..,..,..,16000,21000,27000,33000,38000,43000,47000,51000,55000,59000,63000,67000,71000,75000,79000,82000,86000,90000,94000,97000,100000,110000,110000,110000,120000,120000,120000,130000,130000,130000,140000,140000
11,Armenia,..,..,..,..,..,..,..,..,..,..,..,..,..,..,..,..,..,..,..,..,..,..,..,..,..,..,..,..,..,..,..,..,..,..,..,..,..,..,..,..,..,..,..,..,..,..,..,..,..,..,..,..,..,..,..,..,..,..,..,..,..,..
12,Aruba,..,..,..,..,..,..,..,..,..,..,..,..,..,..,..,..,..,..,..,..,..,..,..,..,..,..,..,..,..,..,..,..,..,..,..,..,..,..,..,..,..,..,..,..,..,..,..,..,..,..,..,..,..,..,..,..,..,..,..,..,..,..
13,Australia,..,..,..,..,..,..,..,..,..,..,..,..,..,..,..,..,..,..,..,..,..,..,..,..,..,..,..,..,..,..,10000,10000,10000,9900,9700,9400,9300,9600,10000,11000,11000,12000,13000,14000,15000,16000,17000,18000,19000,20000,21000,22000,23000,24000,25000,26000,27000,27000,28000,29000,29000,30000
14,Austria,..,..,..,..,..,..,..,..,..,..,..,..,..,..,..,..,..,..,..,..,..,..,..,..,..,..,..,..,..,..,..,..,..,..,..,..,..,..,..,..,..,..,..,..,..,..,..,..,..,..,..,..,..,..,..,..,..,..,..,..,..,..
15,Azerbaijan,..,..,..,..,..,..,..,..,..,..,..,..,..,..,..,..,..,..,..,..,..,..,..,..,..,..,..,..,..,..,100,100,100,200,200,500,500,570,980,1600,2500,3600,4900,6400,7700,8800,9800,10000,11000,11000,11000,11000,11000,11000,11000,10000,10000,10000,10000,10000,10000,10000
16,"Bahamas, The",..,..,..,..,..,..,..,..,..,..,..,..,..,..,..,..,..,..,..,..,..,..,..,..,..,..,..,..,..,..,2300,2700,3100,3400,3600,3800,4000,4000,4100,4100,4100,4000,4000,4000,4000,4200,4200,4300,4400,4500,4600,4600,4600,4500,4500,4500,4500,4400,4400,4500,4500,4500
17,Bahrain,..,..,..,..,..,..,..,..,..,..,..,..,..,..,..,..,..,..,..,..,..,..,..,..,..,..,..,..,..,..,200,200,200,200,200,200,200,200,200,200,200,500,500,500,500,500,500,500,500,500,500,500,500,500,500,500,500,500,500,500,500,500
18,Bangladesh,..,..,..,..,..,..,..,..,..,..,..,..,..,..,..,..,..,..,..,..,..,..,..,..,..,..,..,..,..,..,100,100,100,200,200,500,500,500,500,660,920,1300,1800,2400,3000,3800,4500,5200,5800,6500,7100,7700,8300,9000,9800,11000,11000,12000,13000,13000,14000,15000
19,Barbados,..,..,..,..,..,..,..,..,..,..,..,..,..,..,..,..,..,..,..,..,..,..,..,..,..,..,..,..,..,..,500,500,530,610,700,790,890,980,1100,1200,1300,1300,1400,1500,1600,1700,1800,1900,2000,2100,2100,2200,2200,2300,2300,2300,2300,2300,2400,2400,2400,2400
20,Belarus,..,..,..,..,..,..,..,..,..,..,..,..,..,..,..,..,..,..,..,..,..,..,..,..,..,..,..,..,..,..,100,100,200,200,500,500,530,720,970,1300,1700,2200,2900,3600,4600,5700,7000,8600,10000,12000,14000,15000,17000,19000,21000,22000,24000,25000,26000,27000,28000,28000
21,Belgium,..,..,..,..,..,..,..,..,..,..,..,..,..,..,..,..,..,..,..,..,..,..,..,..,..,..,..,..,..,..,..,..,..,..,..,..,..,..,..,..,..,..,..,..,..,..,..,..,..,..,..,..,..,..,..,..,..,..,..,..,..,..
22,Belize,..,..,..,..,..,..,..,..,..,..,..,..,..,..,..,..,..,..,..,..,..,..,..,..,..,..,..,..,..,..,500,500,500,500,500,540,650,780,940,1100,1300,1600,1900,2200,2500,2800,3000,3100,3100,3100,3100,3100,3200,3200,3200,3200,3300,3300,3300,3400,3400,3500
23,Benin,..,..,..,..,..,..,..,..,..,..,..,..,..,..,..,..,..,..,..,..,..,..,..,..,..,..,..,..,..,..,14000,18000,22000,27000,33000,38000,43000,47000,51000,54000,57000,59000,61000,62000,63000,63000,63000,63000,63000,64000,66000,67000,68000,69000,70000,71000,71000,71000,70000,70000,69000,69000
24,Bermuda,..,..,..,..,..,..,..,..,..,..,..,..,..,..,..,..,..,..,..,..,..,..,..,..,..,..,..,..,..,..,..,..,..,..,..,..,..,..,..,..,..,..,..,..,..,..,..,..,..,..,..,..,..,..,..,..,..,..,..,..,..,..
25,Bhutan,..,..,..,..,..,..,..,..,..,..,..,..,..,..,..,..,..,..,..,..,..,..,..,..,..,..,..,..,..,..,100,100,100,100,100,200,200,500,500,500,500,580,690,800,890,950,1000,1100,1100,1100,1100,1200,1200,1200,1200,1200,1200,1300,1300,1300,1300,1300
26,Bolivia,..,..,..,..,..,..,..,..,..,..,..,..,..,..,..,..,..,..,..,..,..,..,..,..,..,..,..,..,..,..,2200,2700,3300,4000,5000,6500,8700,11000,13000,15000,16000,17000,17000,18000,18000,18000,18000,19000,19000,19000,19000,20000,20000,20000,21000,21000,22000,23000,23000,24000,25000,26000
27,Bosnia and Herzegovina,..,..,..,..,..,..,..,..,..,..,..,..,..,..,..,..,..,..,..,..,..,..,..,..,..,..,..,..,..,..,..,..,..,..,..,..,..,..,..,..,..,..,..,..,..,..,..,..,..,..,..,..,..,..,..,..,..,..,..,..,..,..
28,Botswana,..,..,..,..,..,..,..,..,..,..,..,..,..,..,..,..,..,..,..,..,..,..,..,..,..,..,..,..,..,..,44000,63000,86000,110000,140000,170000,190000,220000,240000,250000,270000,280000,280000,290000,290000,290000,300000,310000,310000,320000,320000,330000,340000,340000,350000,350000,350000,360000,360000,360000,360000,360000
29,Brazil,..,..,..,..,..,..,..,..,..,..,..,..,..,..,..,..,..,..,..,..,..,..,..,..,..,..,..,..,..,..,150000,160000,180000,200000,210000,230000,240000,260000,290000,310000,340000,370000,400000,430000,460000,480000,510000,540000,570000,600000,630000,660000,690000,720000,750000,780000,810000,830000,860000,890000,920000,960000
30,British Virgin Islands,..,..,..,..,..,..,..,..,..,..,..,..,..,..,..,..,..,..,..,..,..,..,..,..,..,..,..,..,..,..,..,..,..,..,..,..,..,..,..,..,..,..,..,..,..,..,..,..,..,..,..,..,..,..,..,..,..,..,..,..,..,..
31,Brunei Darussalam,..,..,..,..,..,..,..,..,..,..,..,..,..,..,..,..,..,..,..,..,..,..,..,..,..,..,..,..,..,..,..,..,..,..,..,..,..,..,..,..,..,..,..,..,..,..,..,..,..,..,..,..,..,..,..,..,..,..,..,..,..,..
32,Bulgaria,..,..,..,..,..,..,..,..,..,..,..,..,..,..,..,..,..,..,..,..,..,..,..,..,..,..,..,..,..,..,660,730,790,850,900,950,1000,1100,1100,1200,1200,1300,1400,1400,1500,1600,1600,1700,1800,1900,2000,2100,2200,2300,2400,2500,2600,2700,2900,3000,3100,3200
33,Burkina Faso,..,..,..,..,..,..,..,..,..,..,..,..,..,..,..,..,..,..,..,..,..,..,..,..,..,..,..,..,..,..,120000,140000,140000,150000,150000,150000,150000,150000,150000,140000,140000,130000,130000,120000,120000,120000,110000,110000,110000,110000,110000,100000,100000,100000,99000,97000,96000,94000,92000,91000,89000,88000
34,Burundi,..,..,..,..,..,..,..,..,..,..,..,..,..,..,..,..,..,..,..,..,..,..,..,..,..,..,..,..,..,..,120000,130000,150000,150000,160000,160000,150000,150000,140000,140000,130000,130000,120000,120000,110000,110000,100000,100000,97000,95000,92000,90000,89000,87000,85000,84000,83000,82000,81000,81000,80000,80000
35,Cabo Verde,..,..,..,..,..,..,..,..,..,..,..,..,..,..,..,..,..,..,..,..,..,..,..,..,..,..,..,..,..,..,590,770,920,1100,1200,1300,1300,1400,1400,1500,1500,1600,1600,1600,1700,1700,1700,1700,1800,1800,1900,1900,1900,2000,2100,2100,2200,2300,2400,2400,2500,2600
36,Cambodia,..,..,..,..,..,..,..,..,..,..,..,..,..,..,..,..,..,..,..,..,..,..,..,..,..,..,..,..,..,..,500,1200,3600,9100,19000,32000,46000,60000,71000,80000,85000,87000,87000,87000,86000,85000,84000,84000,84000,84000,84000,83000,83000,82000,81000,80000,79000,78000,77000,76000,75000,74000
37,Cameroon,..,..,..,..,..,..,..,..,..,..,..,..,..,..,..,..,..,..,..,..,..,..,..,..,..,..,..,..,..,..,49000,66000,88000,120000,150000,190000,230000,270000,320000,360000,400000,420000,450000,460000,480000,490000,490000,500000,510000,510000,520000,520000,520000,520000,520000,510000,510000,510000,500000,500000,500000,500000
38,Canada,..,..,..,..,..,..,..,..,..,..,..,..,..,..,..,..,..,..,..,..,..,..,..,..,..,..,..,..,..,..,..,..,..,..,..,..,..,..,..,..,..,..,..,..,..,..,..,..,..,..,..,..,..,..,..,..,..,..,..,..,..,..
39,Caribbean small states,..,..,..,..,..,..,..,..,..,..,..,..,..,..,..,..,..,..,..,..,..,..,..,..,..,..,..,..,..,..,..,..,..,..,..,..,..,..,..,..,..,..,..,..,..,..,..,..,..,..,..,..,..,..,..,..,..,..,..,..,..,..
40,Cayman Islands,..,..,..,..,..,..,..,..,..,..,..,..,..,..,..,..,..,..,..,..,..,..,..,..,..,..,..,..,..,..,..,..,..,..,..,..,..,..,..,..,..,..,..,..,..,..,..,..,..,..,..,..,..,..,..,..,..,..,..,..,..,..
41,Central African Republic,..,..,..,..,..,..,..,..,..,..,..,..,..,..,..,..,..,..,..,..,..,..,..,..,..,..,..,..,..,..,58000,73000,88000,100000,120000,130000,140000,150000,150000,160000,160000,160000,160000,150000,150000,150000,140000,140000,130000,130000,120000,120000,110000,110000,100000,96000,93000,91000,88000,86000,85000,83000
42,Central Europe and the Baltics,..,..,..,..,..,..,..,..,..,..,..,..,..,..,..,..,..,..,..,..,..,..,..,..,..,..,..,..,..,..,..,..,..,..,..,..,..,..,..,..,..,..,..,..,..,..,..,..,..,..,..,..,..,..,..,..,..,..,..,..,..,..
43,Chad,..,..,..,..,..,..,..,..,..,..,..,..,..,..,..,..,..,..,..,..,..,..,..,..,..,..,..,..,..,..,32000,41000,50000,59000,67000,74000,81000,87000,92000,96000,100000,100000,100000,100000,100000,100000,100000,100000,100000,110000,110000,110000,110000,110000,110000,110000,110000,110000,110000,110000,110000,110000
44,Channel Islands,..,..,..,..,..,..,..,..,..,..,..,..,..,..,..,..,..,..,..,..,..,..,..,..,..,..,..,..,..,..,..,..,..,..,..,..,..,..,..,..,..,..,..,..,..,..,..,..,..,..,..,..,..,..,..,..,..,..,..,..,..,..
45,Chile,..,..,..,..,..,..,..,..,..,..,..,..,..,..,..,..,..,..,..,..,..,..,..,..,..,..,..,..,..,..,2600,3600,5000,6500,8200,10000,12000,14000,15000,17000,18000,20000,22000,24000,25000,27000,30000,32000,34000,37000,39000,42000,45000,48000,51000,54000,58000,63000,70000,75000,80000,84000
46,China,..,..,..,..,..,..,..,..,..,..,..,..,..,..,..,..,..,..,..,..,..,..,..,..,..,..,..,..,..,..,..,..,..,..,..,..,..,..,..,..,..,..,..,..,..,..,..,..,..,..,..,..,..,..,..,..,..,..,..,..,..,..
47,Colombia,..,..,..,..,..,..,..,..,..,..,..,..,..,..,..,..,..,..,..,..,..,..,..,..,..,..,..,..,..,..,13000,18000,25000,33000,41000,49000,57000,65000,72000,79000,84000,88000,91000,95000,98000,100000,100000,110000,110000,110000,120000,120000,120000,130000,130000,140000,140000,150000,160000,160000,170000,170000
48,Comoros,..,..,..,..,..,..,..,..,..,..,..,..,..,..,..,..,..,..,..,..,..,..,..,..,..,..,..,..,..,..,100,100,100,100,100,100,100,100,100,100,100,100,100,200,200,200,200,200,200,200,200,200,200,200,200,200,200,200,200,200,200,200
49,"Congo, Dem. Rep.",..,..,..,..,..,..,..,..,..,..,..,..,..,..,..,..,..,..,..,..,..,..,..,..,..,..,..,..,..,..,430000,470000,510000,550000,580000,600000,620000,630000,630000,640000,640000,630000,630000,620000,620000,610000,600000,590000,590000,580000,570000,560000,550000,550000,540000,530000,530000,530000,530000,530000,540000,540000
50,"Congo, Rep.",..,..,..,..,..,..,..,..,..,..,..,..,..,..,..,..,..,..,..,..,..,..,..,..,..,..,..,..,..,..,55000,60000,64000,68000,71000,73000,75000,77000,78000,79000,80000,80000,80000,80000,80000,81000,82000,84000,85000,88000,90000,92000,95000,98000,100000,100000,110000,110000,110000,120000,130000,130000
51,Costa Rica,..,..,..,..,..,..,..,..,..,..,..,..,..,..,..,..,..,..,..,..,..,..,..,..,..,..,..,..,..,..,1800,2000,2200,2300,2600,2800,3000,3200,3500,3700,4000,4300,4700,5100,5600,6000,6500,7000,7500,8100,8600,9300,10000,11000,11000,12000,13000,13000,14000,15000,16000,17000
52,Cote d'Ivoire,..,..,..,..,..,..,..,..,..,..,..,..,..,..,..,..,..,..,..,..,..,..,..,..,..,..,..,..,..,..,280000,350000,420000,490000,550000,600000,650000,670000,690000,700000,690000,680000,660000,640000,620000,590000,570000,550000,530000,510000,500000,490000,480000,460000,450000,440000,430000,420000,410000,400000,390000,380000
53,Croatia,..,..,..,..,..,..,..,..,..,..,..,..,..,..,..,..,..,..,..,..,..,..,..,..,..,..,..,..,..,..,200,200,500,500,500,500,500,500,500,500,500,540,600,650,710,770,830,890,940,1000,1100,1100,1200,1300,1300,1400,1500,1500,1600,1600,1700,1800
54,Cuba,..,..,..,..,..,..,..,..,..,..,..,..,..,..,..,..,..,..,..,..,..,..,..,..,..,..,..,..,..,..,6100,6700,7300,7800,8400,8900,9500,10000,11000,11000,12000,12000,13000,14000,15000,15000,16000,17000,18000,19000,20000,21000,23000,24000,26000,27000,28000,30000,32000,33000,35000,36000
55,Curacao,..,..,..,..,..,..,..,..,..,..,..,..,..,..,..,..,..,..,..,..,..,..,..,..,..,..,..,..,..,..,..,..,..,..,..,..,..,..,..,..,..,..,..,..,..,..,..,..,..,..,..,..,..,..,..,..,..,..,..,..,..,..
56,Cyprus,..,..,..,..,..,..,..,..,..,..,..,..,..,..,..,..,..,..,..,..,..,..,..,..,..,..,..,..,..,..,200,500,500,500,500,500,500,500,500,500,500,500,500,500,500,500,500,500,510,560,650,730,820,920,1000,1100,1100,1200,1200,1300,1300,1400
57,Czechia,..,..,..,..,..,..,..,..,..,..,..,..,..,..,..,..,..,..,..,..,..,..,..,..,..,..,..,..,..,..,..,..,..,..,..,..,..,..,..,..,..,..,..,..,..,..,..,..,..,..,..,..,..,..,..,..,..,..,..,..,..,..
58,Denmark,..,..,..,..,..,..,..,..,..,..,..,..,..,..,..,..,..,..,..,..,..,..,..,..,..,..,..,..,..,..,2000,2300,2500,2700,2900,3000,3100,3200,3400,3700,3900,4000,4200,4400,4500,4700,4900,5000,5200,5400,5500,5700,5900,6000,6200,6300,6400,6500,6600,6600,6700,6700
59,Djibouti,..,..,..,..,..,..,..,..,..,..,..,..,..,..,..,..,..,..,..,..,..,..,..,..,..,..,..,..,..,..,500,500,910,1600,2500,3700,5200,7200,9600,12000,13000,14000,14000,14000,14000,13000,13000,12000,12000,11000,10000,9800,9300,8700,8200,7800,7400,7100,6900,6600,6300,6000
60,Dominica,..,..,..,..,..,..,..,..,..,..,..,..,..,..,..,..,..,..,..,..,..,..,..,..,..,..,..,..,..,..,..,..,..,..,..,..,..,..,..,..,..,..,..,..,..,..,..,..,..,..,..,..,..,..,..,..,..,..,..,..,..,..
61,Dominican Republic,..,..,..,..,..,..,..,..,..,..,..,..,..,..,..,..,..,..,..,..,..,..,..,..,..,..,..,..,..,..,14000,20000,27000,34000,42000,48000,55000,60000,65000,69000,72000,74000,75000,76000,76000,76000,75000,75000,75000,75000,75000,75000,75000,75000,75000,75000,75000,75000,76000,77000,78000,78000
62,Early-demographic dividend,..,..,..,..,..,..,..,..,..,..,..,..,..,..,..,..,..,..,..,..,..,..,..,..,..,..,..,..,..,..,..,..,..,..,..,..,..,..,..,..,..,..,..,..,..,..,..,..,..,..,..,..,..,..,..,..,..,..,..,..,..,..
63,East Asia & Pacific,..,..,..,..,..,..,..,..,..,..,..,..,..,..,..,..,..,..,..,..,..,..,..,..,..,..,..,..,..,..,..,..,..,..,..,..,..,..,..,..,..,..,..,..,..,..,..,..,..,..,..,..,..,..,..,..,..,..,..,..,..,..
64,East Asia & Pacific (excluding high income),..,..,..,..,..,..,..,..,..,..,..,..,..,..,..,..,..,..,..,..,..,..,..,..,..,..,..,..,..,..,..,..,..,..,..,..,..,..,..,..,..,..,..,..,..,..,..,..,..,..,..,..,..,..,..,..,..,..,..,..,..,..
65,East Asia & Pacific (IDA & IBRD countries),..,..,..,..,..,..,..,..,..,..,..,..,..,..,..,..,..,..,..,..,..,..,..,..,..,..,..,..,..,..,..,..,..,..,..,..,..,..,..,..,..,..,..,..,..,..,..,..,..,..,..,..,..,..,..,..,..,..,..,..,..,..
66,Ecuador,..,..,..,..,..,..,..,..,..,..,..,..,..,..,..,..,..,..,..,..,..,..,..,..,..,..,..,..,..,..,3400,4200,5300,6600,8200,10000,12000,14000,16000,18000,20000,21000,23000,24000,25000,25000,26000,27000,28000,29000,30000,32000,33000,34000,36000,37000,39000,41000,42000,44000,46000,47000
67,"Egypt, Arab Rep.",..,..,..,..,..,..,..,..,..,..,..,..,..,..,..,..,..,..,..,..,..,..,..,..,..,..,..,..,..,..,500,500,500,500,580,700,830,990,1200,1400,1600,1900,2200,2500,3000,3400,4000,4600,5300,6200,7100,8200,9500,11000,13000,14000,16000,19000,21000,24000,27000,30000
68,El Salvador,..,..,..,..,..,..,..,..,..,..,..,..,..,..,..,..,..,..,..,..,..,..,..,..,..,..,..,..,..,..,2400,3400,4500,5900,7300,8900,11000,12000,14000,15000,16000,17000,18000,18000,19000,19000,20000,21000,21000,22000,22000,23000,23000,23000,24000,24000,24000,24000,24000,25000,25000,25000
69,Equatorial Guinea,..,..,..,..,..,..,..,..,..,..,..,..,..,..,..,..,..,..,..,..,..,..,..,..,..,..,..,..,..,..,1800,2300,3000,3700,4600,5500,6600,7800,9100,11000,12000,14000,15000,17000,19000,21000,23000,26000,28000,31000,34000,37000,40000,44000,47000,50000,53000,56000,59000,61000,64000,66000
70,Eritrea,..,..,..,..,..,..,..,..,..,..,..,..,..,..,..,..,..,..,..,..,..,..,..,..,..,..,..,..,..,..,9200,11000,13000,15000,16000,17000,17000,18000,18000,19000,19000,20000,20000,20000,20000,20000,19000,18000,17000,17000,16000,16000,15000,15000,15000,14000,14000,13000,13000,13000,13000,12000
71,Estonia,..,..,..,..,..,..,..,..,..,..,..,..,..,..,..,..,..,..,..,..,..,..,..,..,..,..,..,..,..,..,..,..,..,..,..,..,..,..,..,..,..,..,..,..,..,..,..,..,..,..,..,..,..,..,..,..,..,..,..,..,..,..
72,Eswatini,..,..,..,..,..,..,..,..,..,..,..,..,..,..,..,..,..,..,..,..,..,..,..,..,..,..,..,..,..,..,4300,8800,16000,28000,43000,60000,77000,93000,110000,120000,130000,140000,140000,150000,150000,160000,160000,170000,170000,180000,180000,180000,190000,190000,200000,200000,210000,210000,210000,220000,220000,220000
73,Ethiopia,..,..,..,..,..,..,..,..,..,..,..,..,..,..,..,..,..,..,..,..,..,..,..,..,..,..,..,..,..,..,360000,450000,550000,640000,720000,770000,810000,830000,840000,840000,830000,820000,790000,770000,740000,710000,680000,660000,650000,640000,640000,640000,640000,640000,640000,630000,630000,630000,620000,620000,620000,610000
74,Euro area,..,..,..,..,..,..,..,..,..,..,..,..,..,..,..,..,..,..,..,..,..,..,..,..,..,..,..,..,..,..,..,..,..,..,..,..,..,..,..,..,..,..,..,..,..,..,..,..,..,..,..,..,..,..,..,..,..,..,..,..,..,..
75,Europe & Central Asia,..,..,..,..,..,..,..,..,..,..,..,..,..,..,..,..,..,..,..,..,..,..,..,..,..,..,..,..,..,..,..,..,..,..,..,..,..,..,..,..,..,..,..,..,..,..,..,..,..,..,..,..,..,..,..,..,..,..,..,..,..,..
76,Europe & Central Asia (excluding high income),..,..,..,..,..,..,..,..,..,..,..,..,..,..,..,..,..,..,..,..,..,..,..,..,..,..,..,..,..,..,..,..,..,..,..,..,..,..,..,..,..,..,..,..,..,..,..,..,..,..,..,..,..,..,..,..,..,..,..,..,..,..
77,Europe & Central Asia (IDA & IBRD countries),..,..,..,..,..,..,..,..,..,..,..,..,..,..,..,..,..,..,..,..,..,..,..,..,..,..,..,..,..,..,..,..,..,..,..,..,..,..,..,..,..,..,..,..,..,..,..,..,..,..,..,..,..,..,..,..,..,..,..,..,..,..
78,European Union,..,..,..,..,..,..,..,..,..,..,..,..,..,..,..,..,..,..,..,..,..,..,..,..,..,..,..,..,..,..,..,..,..,..,..,..,..,..,..,..,..,..,..,..,..,..,..,..,..,..,..,..,..,..,..,..,..,..,..,..,..,..
79,Faroe Islands,..,..,..,..,..,..,..,..,..,..,..,..,..,..,..,..,..,..,..,..,..,..,..,..,..,..,..,..,..,..,..,..,..,..,..,..,..,..,..,..,..,..,..,..,..,..,..,..,..,..,..,..,..,..,..,..,..,..,..,..,..,..
80,Fiji,..,..,..,..,..,..,..,..,..,..,..,..,..,..,..,..,..,..,..,..,..,..,..,..,..,..,..,..,..,..,100,100,100,100,100,100,100,100,100,200,200,200,200,200,200,500,500,500,500,500,500,500,570,650,710,790,870,960,1100,1200,1300,1400
81,Finland,..,..,..,..,..,..,..,..,..,..,..,..,..,..,..,..,..,..,..,..,..,..,..,..,..,..,..,..,..,..,..,..,..,..,..,..,..,..,..,..,..,..,..,..,..,..,..,..,..,..,..,..,..,..,..,..,..,..,..,..,..,..
82,Fragile and conflict affected situations,..,..,..,..,..,..,..,..,..,..,..,..,..,..,..,..,..,..,..,..,..,..,..,..,..,..,..,..,..,..,..,..,..,..,..,..,..,..,..,..,..,..,..,..,..,..,..,..,..,..,..,..,..,..,..,..,..,..,..,..,..,..
83,France,..,..,..,..,..,..,..,..,..,..,..,..,..,..,..,..,..,..,..,..,..,..,..,..,..,..,..,..,..,..,41000,45000,48000,52000,55000,58000,60000,63000,68000,73000,78000,84000,90000,96000,100000,110000,110000,120000,130000,130000,140000,140000,150000,150000,160000,160000,170000,170000,180000,180000,190000,190000
84,French Polynesia,..,..,..,..,..,..,..,..,..,..,..,..,..,..,..,..,..,..,..,..,..,..,..,..,..,..,..,..,..,..,..,..,..,..,..,..,..,..,..,..,..,..,..,..,..,..,..,..,..,..,..,..,..,..,..,..,..,..,..,..,..,..
85,Gabon,..,..,..,..,..,..,..,..,..,..,..,..,..,..,..,..,..,..,..,..,..,..,..,..,..,..,..,..,..,..,6100,8100,11000,14000,17000,21000,25000,29000,33000,35000,38000,39000,40000,41000,42000,42000,43000,44000,45000,46000,47000,47000,48000,48000,49000,49000,49000,49000,49000,48000,47000,47000
86,"Gambia, The",..,..,..,..,..,..,..,..,..,..,..,..,..,..,..,..,..,..,..,..,..,..,..,..,..,..,..,..,..,..,630,940,1400,2000,2700,3700,4900,6200,7600,9100,11000,12000,13000,14000,15000,16000,17000,18000,19000,19000,20000,21000,21000,22000,23000,23000,24000,24000,25000,25000,26000,26000
87,Georgia,..,..,..,..,..,..,..,..,..,..,..,..,..,..,..,..,..,..,..,..,..,..,..,..,..,..,..,..,..,..,100,100,100,100,100,100,100,100,100,100,200,500,500,570,790,1100,1400,1700,2100,2500,3000,3500,3900,4400,4900,5400,5800,6300,6800,7200,7700,8100
88,Germany,..,..,..,..,..,..,..,..,..,..,..,..,..,..,..,..,..,..,..,..,..,..,..,..,..,..,..,..,..,..,..,..,..,..,..,..,..,..,..,..,..,..,..,..,..,..,..,..,..,..,64000,66000,69000,72000,75000,78000,81000,84000,86000,89000,92000,..
89,Ghana,..,..,..,..,..,..,..,..,..,..,..,..,..,..,..,..,..,..,..,..,..,..,..,..,..,..,..,..,..,..,110000,140000,160000,190000,210000,230000,250000,260000,280000,290000,300000,300000,300000,310000,310000,310000,310000,300000,300000,300000,310000,310000,310000,310000,320000,320000,320000,330000,330000,340000,340000,350000
90,Gibraltar,..,..,..,..,..,..,..,..,..,..,..,..,..,..,..,..,..,..,..,..,..,..,..,..,..,..,..,..,..,..,..,..,..,..,..,..,..,..,..,..,..,..,..,..,..,..,..,..,..,..,..,..,..,..,..,..,..,..,..,..,..,..
91,Greece,..,..,..,..,..,..,..,..,..,..,..,..,..,..,..,..,..,..,..,..,..,..,..,..,..,..,..,..,..,..,2600,2900,3100,3300,3300,3400,3500,3700,3900,4200,4500,4800,5100,5500,5900,6400,6900,7600,8300,9200,10000,11000,12000,13000,14000,14000,14000,15000,15000,15000,16000,17000
92,Greenland,..,..,..,..,..,..,..,..,..,..,..,..,..,..,..,..,..,..,..,..,..,..,..,..,..,..,..,..,..,..,..,..,..,..,..,..,..,..,..,..,..,..,..,..,..,..,..,..,..,..,..,..,..,..,..,..,..,..,..,..,..,..
93,Grenada,..,..,..,..,..,..,..,..,..,..,..,..,..,..,..,..,..,..,..,..,..,..,..,..,..,..,..,..,..,..,..,..,..,..,..,..,..,..,..,..,..,..,..,..,..,..,..,..,..,..,..,..,..,..,..,..,..,..,..,..,..,..
94,Guam,..,..,..,..,..,..,..,..,..,..,..,..,..,..,..,..,..,..,..,..,..,..,..,..,..,..,..,..,..,..,..,..,..,..,..,..,..,..,..,..,..,..,..,..,..,..,..,..,..,..,..,..,..,..,..,..,..,..,..,..,..,..
95,Guatemala,..,..,..,..,..,..,..,..,..,..,..,..,..,..,..,..,..,..,..,..,..,..,..,..,..,..,..,..,..,..,5400,7300,9700,12000,15000,18000,21000,24000,27000,30000,32000,34000,36000,37000,37000,38000,38000,38000,37000,37000,37000,36000,35000,34000,33000,33000,32000,31000,31000,31000,31000,31000
96,Guinea,..,..,..,..,..,..,..,..,..,..,..,..,..,..,..,..,..,..,..,..,..,..,..,..,..,..,..,..,..,..,20000,24000,30000,36000,42000,48000,54000,60000,65000,71000,75000,78000,82000,84000,86000,88000,90000,92000,94000,97000,100000,100000,100000,110000,110000,110000,110000,120000,120000,120000,120000,120000
97,Guinea-Bissau,..,..,..,..,..,..,..,..,..,..,..,..,..,..,..,..,..,..,..,..,..,..,..,..,..,..,..,..,..,..,2000,2800,3800,5200,6800,8600,11000,13000,15000,18000,20000,23000,25000,27000,28000,30000,31000,32000,34000,35000,36000,37000,37000,38000,38000,39000,39000,39000,39000,39000,39000,40000
98,Guyana,..,..,..,..,..,..,..,..,..,..,..,..,..,..,..,..,..,..,..,..,..,..,..,..,..,..,..,..,..,..,200,200,500,500,550,810,1200,1700,2200,2800,3300,3700,4100,4500,4800,5200,5600,6000,6300,6600,7000,7200,7500,7700,8000,8200,8500,8700,9000,9200,9500,9700
99,Haiti,..,..,..,..,..,..,..,..,..,..,..,..,..,..,..,..,..,..,..,..,..,..,..,..,..,..,..,..,..,..,82000,96000,110000,120000,120000,130000,130000,140000,140000,140000,140000,140000,140000,130000,130000,130000,130000,130000,130000,130000,130000,130000,130000,140000,140000,140000,140000,140000,150000,150000,150000,150000
100,Heavily indebted poor countries (HIPC),..,..,..,..,..,..,..,..,..,..,..,..,..,..,..,..,..,..,..,..,..,..,..,..,..,..,..,..,..,..,..,..,..,..,..,..,..,..,..,..,..,..,..,..,..,..,..,..,..,..,..,..,..,..,..,..,..,..,..,..,..,..
101,High income,..,..,..,..,..,..,..,..,..,..,..,..,..,..,..,..,..,..,..,..,..,..,..,..,..,..,..,..,..,..,..,..,..,..,..,..,..,..,..,..,..,..,..,..,..,..,..,..,..,..,..,..,..,..,..,..,..,..,..,..,..,..
102,Honduras,..,..,..,..,..,..,..,..,..,..,..,..,..,..,..,..,..,..,..,..,..,..,..,..,..,..,..,..,..,..,9900,12000,15000,18000,22000,25000,27000,30000,32000,33000,34000,34000,33000,33000,32000,31000,30000,29000,28000,28000,27000,26000,25000,24000,24000,23000,23000,23000,22000,22000,22000,22000
103,"Hong Kong SAR, China",..,..,..,..,..,..,..,..,..,..,..,..,..,..,..,..,..,..,..,..,..,..,..,..,..,..,..,..,..,..,..,..,..,..,..,..,..,..,..,..,..,..,..,..,..,..,..,..,..,..,..,..,..,..,..,..,..,..,..,..,..,..
104,Hungary,..,..,..,..,..,..,..,..,..,..,..,..,..,..,..,..,..,..,..,..,..,..,..,..,..,..,..,..,..,..,..,..,..,..,..,..,..,..,..,..,..,..,..,..,..,..,..,..,..,..,..,..,..,..,..,..,..,..,..,..,..,..
105,IBRD only,..,..,..,..,..,..,..,..,..,..,..,..,..,..,..,..,..,..,..,..,..,..,..,..,..,..,..,..,..,..,..,..,..,..,..,..,..,..,..,..,..,..,..,..,..,..,..,..,..,..,..,..,..,..,..,..,..,..,..,..,..,..
106,Iceland,..,..,..,..,..,..,..,..,..,..,..,..,..,..,..,..,..,..,..,..,..,..,..,..,..,..,..,..,..,..,100,100,100,100,100,100,100,100,100,100,100,100,100,100,200,200,200,200,200,200,200,200,500,500,500,500,500,500,500,500,500,500
107,IDA & IBRD total,..,..,..,..,..,..,..,..,..,..,..,..,..,..,..,..,..,..,..,..,..,..,..,..,..,..,..,..,..,..,..,..,..,..,..,..,..,..,..,..,..,..,..,..,..,..,..,..,..,..,..,..,..,..,..,..,..,..,..,..,..,..
108,IDA blend,..,..,..,..,..,..,..,..,..,..,..,..,..,..,..,..,..,..,..,..,..,..,..,..,..,..,..,..,..,..,..,..,..,..,..,..,..,..,..,..,..,..,..,..,..,..,..,..,..,..,..,..,..,..,..,..,..,..,..,..,..,..
109,IDA only,..,..,..,..,..,..,..,..,..,..,..,..,..,..,..,..,..,..,..,..,..,..,..,..,..,..,..,..,..,..,..,..,..,..,..,..,..,..,..,..,..,..,..,..,..,..,..,..,..,..,..,..,..,..,..,..,..,..,..,..,..,..
110,IDA total,..,..,..,..,..,..,..,..,..,..,..,..,..,..,..,..,..,..,..,..,..,..,..,..,..,..,..,..,..,..,..,..,..,..,..,..,..,..,..,..,..,..,..,..,..,..,..,..,..,..,..,..,..,..,..,..,..,..,..,..,..,..
111,India,..,..,..,..,..,..,..,..,..,..,..,..,..,..,..,..,..,..,..,..,..,..,..,..,..,..,..,..,..,..,..,..,..,..,..,..,..,..,..,..,..,..,..,..,..,..,..,..,..,..,..,..,..,..,..,..,..,..,..,..,..,..
112,Indonesia,..,..,..,..,..,..,..,..,..,..,..,..,..,..,..,..,..,..,..,..,..,..,..,..,..,..,..,..,..,..,200,500,730,1400,2500,4500,7700,12000,19000,28000,40000,61000,94000,130000,170000,210000,250000,290000,330000,370000,410000,440000,470000,490000,510000,520000,530000,540000,540000,540000,540000,540000
113,"Iran, Islamic Rep.",..,..,..,..,..,..,..,..,..,..,..,..,..,..,..,..,..,..,..,..,..,..,..,..,..,..,..,..,..,..,700,830,1000,1200,1600,2200,3100,4600,7000,10000,15000,21000,29000,37000,46000,54000,61000,66000,70000,72000,73000,72000,71000,69000,67000,64000,62000,60000,58000,56000,54000,53000
114,Iraq,..,..,..,..,..,..,..,..,..,..,..,..,..,..,..,..,..,..,..,..,..,..,..,..,..,..,..,..,..,..,..,..,..,..,..,..,..,..,..,..,..,..,..,..,..,..,..,..,..,..,..,..,..,..,..,..,..,..,..,..,..,..
115,Ireland,..,..,..,..,..,..,..,..,..,..,..,..,..,..,..,..,..,..,..,..,..,..,..,..,..,..,..,..,..,..,610,680,740,780,820,860,920,1000,1200,1300,1500,1800,2000,2300,2600,2900,3200,3600,4000,4300,4700,5000,5300,5600,5900,6200,6700,7100,7600,8100,8500,8800
116,Isle of Man,..,..,..,..,..,..,..,..,..,..,..,..,..,..,..,..,..,..,..,..,..,..,..,..,..,..,..,..,..,..,..,..,..,..,..,..,..,..,..,..,..,..,..,..,..,..,..,..,..,..,..,..,..,..,..,..,..,..,..,..,..,..
117,Israel,..,..,..,..,..,..,..,..,..,..,..,..,..,..,..,..,..,..,..,..,..,..,..,..,..,..,..,..,..,..,..,..,..,..,..,..,..,..,..,..,..,..,..,..,..,..,..,..,..,..,..,..,..,..,..,..,..,..,..,..,..,..
118,Italy,..,..,..,..,..,..,..,..,..,..,..,..,..,..,..,..,..,..,..,..,..,..,..,..,..,..,..,..,..,..,51000,54000,56000,58000,59000,60000,61000,63000,65000,69000,73000,77000,82000,87000,91000,96000,100000,100000,110000,110000,120000,120000,120000,130000,130000,130000,140000,140000,140000,140000,140000,140000
119,Jamaica,..,..,..,..,..,..,..,..,..,..,..,..,..,..,..,..,..,..,..,..,..,..,..,..,..,..,..,..,..,..,16000,18000,20000,21000,22000,22000,23000,23000,24000,24000,24000,24000,24000,24000,24000,24000,24000,25000,25000,25000,26000,26000,27000,27000,27000,28000,28000,28000,29000,29000,29000,30000
120,Japan,..,..,..,..,..,..,..,..,..,..,..,..,..,..,..,..,..,..,..,..,..,..,..,..,..,..,..,..,..,..,..,..,..,..,..,..,..,..,..,..,..,..,..,..,..,..,..,..,..,..,..,..,..,..,..,..,..,..,..,..,..,..
121,Jordan,..,..,..,..,..,..,..,..,..,..,..,..,..,..,..,..,..,..,..,..,..,..,..,..,..,..,..,..,..,..,..,..,..,..,..,..,..,..,..,..,..,..,..,..,..,..,..,..,..,..,..,..,..,..,..,..,..,..,..,..,..,..
122,Kazakhstan,..,..,..,..,..,..,..,..,..,..,..,..,..,..,..,..,..,..,..,..,..,..,..,..,..,..,..,..,..,..,100,100,100,100,100,100,200,200,500,550,850,1300,1800,2400,3200,4100,5200,6500,7800,9200,11000,12000,14000,16000,18000,20000,22000,24000,27000,29000,32000,35000
123,Kenya,..,..,..,..,..,..,..,..,..,..,..,..,..,..,..,..,..,..,..,..,..,..,..,..,..,..,..,..,..,..,540000,710000,900000,1100000,1200000,1400000,1500000,1500000,1600000,1600000,1600000,1600000,1500000,1500000,1500000,1400000,1400000,1400000,1400000,1400000,1400000,1400000,1400000,1400000,1400000,1400000,1400000,1400000,1400000,1400000,1400000,1400000
124,Kiribati,..,..,..,..,..,..,..,..,..,..,..,..,..,..,..,..,..,..,..,..,..,..,..,..,..,..,..,..,..,..,..,..,..,..,..,..,..,..,..,..,..,..,..,..,..,..,..,..,..,..,..,..,..,..,..,..,..,..,..,..,..,..
125,"Korea, Dem. People's Rep.",..,..,..,..,..,..,..,..,..,..,..,..,..,..,..,..,..,..,..,..,..,..,..,..,..,..,..,..,..,..,..,..,..,..,..,..,..,..,..,..,..,..,..,..,..,..,..,..,..,..,..,..,..,..,..,..,..,..,..,..,..,..
126,"Korea, Rep.",..,..,..,..,..,..,..,..,..,..,..,..,..,..,..,..,..,..,..,..,..,..,..,..,..,..,..,..,..,..,..,..,..,..,..,..,..,..,..,..,..,..,..,..,..,..,..,..,..,..,..,..,..,..,..,..,..,..,..,..,..,..
127,Kosovo,..,..,..,..,..,..,..,..,..,..,..,..,..,..,..,..,..,..,..,..,..,..,..,..,..,..,..,..,..,..,..,..,..,..,..,..,..,..,..,..,..,..,..,..,..,..,..,..,..,..,..,..,..,..,..,..,..,..,..,..,..,..
128,Kuwait,..,..,..,..,..,..,..,..,..,..,..,..,..,..,..,..,..,..,..,..,..,..,..,..,..,..,..,..,..,..,..,..,..,..,..,..,..,..,..,..,..,..,..,..,..,..,..,..,..,..,..,..,..,..,..,..,..,..,..,..,..,..
129,Kyrgyz Republic,..,..,..,..,..,..,..,..,..,..,..,..,..,..,..,..,..,..,..,..,..,..,..,..,..,..,..,..,..,..,100,100,100,100,100,100,100,100,100,200,200,500,500,750,1100,1600,2200,2900,3800,4700,5300,5900,6400,6800,7200,7600,8000,8400,8800,9200,9600,10000
130,Lao PDR,..,..,..,..,..,..,..,..,..,..,..,..,..,..,..,..,..,..,..,..,..,..,..,..,..,..,..,..,..,..,100,100,100,100,200,500,500,630,1000,1500,1900,2500,3200,3800,4400,5100,5800,6500,7300,8100,8800,9600,10000,11000,12000,12000,13000,13000,14000,14000,15000,15000
131,Late-demographic dividend,..,..,..,..,..,..,..,..,..,..,..,..,..,..,..,..,..,..,..,..,..,..,..,..,..,..,..,..,..,..,..,..,..,..,..,..,..,..,..,..,..,..,..,..,..,..,..,..,..,..,..,..,..,..,..,..,..,..,..,..,..,..
132,Latin America & Caribbean,..,..,..,..,..,..,..,..,..,..,..,..,..,..,..,..,..,..,..,..,..,..,..,..,..,..,..,..,..,..,..,..,..,..,..,..,..,..,..,..,..,..,..,..,..,..,..,..,..,..,..,..,..,..,..,..,..,..,..,..,..,..
133,Latin America & Caribbean (excluding high income),..,..,..,..,..,..,..,..,..,..,..,..,..,..,..,..,..,..,..,..,..,..,..,..,..,..,..,..,..,..,..,..,..,..,..,..,..,..,..,..,..,..,..,..,..,..,..,..,..,..,..,..,..,..,..,..,..,..,..,..,..,..
134,Latin America & the Caribbean (IDA & IBRD countries),..,..,..,..,..,..,..,..,..,..,..,..,..,..,..,..,..,..,..,..,..,..,..,..,..,..,..,..,..,..,..,..,..,..,..,..,..,..,..,..,..,..,..,..,..,..,..,..,..,..,..,..,..,..,..,..,..,..,..,..,..,..
135,Latvia,..,..,..,..,..,..,..,..,..,..,..,..,..,..,..,..,..,..,..,..,..,..,..,..,..,..,..,..,..,..,610,670,730,800,890,1000,1200,1400,1900,2700,3200,3500,3700,3900,3900,4000,4000,4100,4200,4300,4500,4600,4800,5000,5200,5500,5800,6200,6600,7000,7400,7800
136,Least developed countries: UN classification,..,..,..,..,..,..,..,..,..,..,..,..,..,..,..,..,..,..,..,..,..,..,..,..,..,..,..,..,..,..,..,..,..,..,..,..,..,..,..,..,..,..,..,..,..,..,..,..,..,..,..,..,..,..,..,..,..,..,..,..,..,..
137,Lebanon,..,..,..,..,..,..,..,..,..,..,..,..,..,..,..,..,..,..,..,..,..,..,..,..,..,..,..,..,..,..,500,500,500,500,500,500,500,500,500,500,500,550,620,690,780,860,940,1000,1100,1200,1300,1500,1700,1900,2100,2300,2400,2600,2700,2800,2900,3000
138,Lesotho,..,..,..,..,..,..,..,..,..,..,..,..,..,..,..,..,..,..,..,..,..,..,..,..,..,..,..,..,..,..,14000,23000,38000,58000,84000,110000,140000,160000,190000,200000,220000,230000,240000,250000,250000,260000,260000,260000,270000,280000,280000,290000,290000,300000,300000,300000,300000,300000,300000,290000,290000,290000
139,Liberia,..,..,..,..,..,..,..,..,..,..,..,..,..,..,..,..,..,..,..,..,..,..,..,..,..,..,..,..,..,..,17000,21000,24000,27000,30000,33000,36000,39000,42000,44000,45000,45000,44000,43000,42000,41000,41000,40000,40000,40000,39000,39000,38000,38000,37000,37000,36000,35000,35000,35000,34000,34000
140,Libya,..,..,..,..,..,..,..,..,..,..,..,..,..,..,..,..,..,..,..,..,..,..,..,..,..,..,..,..,..,..,100,100,100,200,200,500,500,500,640,820,1000,1300,1600,1900,2300,2700,3100,3500,4000,4400,4800,5200,5500,5800,6100,6400,6700,7100,7400,7700,8000,8300
141,Liechtenstein,..,..,..,..,..,..,..,..,..,..,..,..,..,..,..,..,..,..,..,..,..,..,..,..,..,..,..,..,..,..,..,..,..,..,..,..,..,..,..,..,..,..,..,..,..,..,..,..,..,..,..,..,..,..,..,..,..,..,..,..,..,..
142,Lithuania,..,..,..,..,..,..,..,..,..,..,..,..,..,..,..,..,..,..,..,..,..,..,..,..,..,..,..,..,..,..,500,500,520,570,610,660,710,770,820,890,960,1300,1400,1400,1500,1600,1700,1800,1900,2100,2200,2300,2400,2500,2700,2800,2900,3100,3200,3300,3400,3600
143,Low & middle income,..,..,..,..,..,..,..,..,..,..,..,..,..,..,..,..,..,..,..,..,..,..,..,..,..,..,..,..,..,..,..,..,..,..,..,..,..,..,..,..,..,..,..,..,..,..,..,..,..,..,..,..,..,..,..,..,..,..,..,..,..,..
144,Low income,..,..,..,..,..,..,..,..,..,..,..,..,..,..,..,..,..,..,..,..,..,..,..,..,..,..,..,..,..,..,..,..,..,..,..,..,..,..,..,..,..,..,..,..,..,..,..,..,..,..,..,..,..,..,..,..,..,..,..,..,..,..
145,Lower middle income,..,..,..,..,..,..,..,..,..,..,..,..,..,..,..,..,..,..,..,..,..,..,..,..,..,..,..,..,..,..,..,..,..,..,..,..,..,..,..,..,..,..,..,..,..,..,..,..,..,..,..,..,..,..,..,..,..,..,..,..,..,..
146,Luxembourg,..,..,..,..,..,..,..,..,..,..,..,..,..,..,..,..,..,..,..,..,..,..,..,..,..,..,..,..,..,..,200,200,200,500,500,500,500,500,500,500,500,500,500,500,500,500,540,580,630,680,740,800,860,920,990,1100,1100,1200,1200,1300,1300,1400
147,"Macao SAR, China",..,..,..,..,..,..,..,..,..,..,..,..,..,..,..,..,..,..,..,..,..,..,..,..,..,..,..,..,..,..,..,..,..,..,..,..,..,..,..,..,..,..,..,..,..,..,..,..,..,..,..,..,..,..,..,..,..,..,..,..,..,..
148,Madagascar,..,..,..,..,..,..,..,..,..,..,..,..,..,..,..,..,..,..,..,..,..,..,..,..,..,..,..,..,..,..,100,100,100,100,200,200,500,500,540,770,1100,1500,2000,2600,3400,4300,5500,6800,8400,10000,13000,15000,18000,21000,25000,29000,34000,39000,43000,48000,54000,60000
149,Malawi,..,..,..,..,..,..,..,..,..,..,..,..,..,..,..,..,..,..,..,..,..,..,..,..,..,..,..,..,..,..,410000,490000,570000,650000,730000,800000,850000,900000,930000,940000,950000,950000,950000,940000,930000,930000,920000,920000,920000,920000,930000,940000,940000,960000,970000,980000,990000,990000,990000,990000,990000,990000
150,Malaysia,..,..,..,..,..,..,..,..,..,..,..,..,..,..,..,..,..,..,..,..,..,..,..,..,..,..,..,..,..,..,9600,17000,24000,30000,35000,38000,41000,44000,47000,49000,51000,53000,55000,56000,58000,59000,60000,61000,62000,62000,63000,64000,65000,65000,66000,67000,68000,70000,73000,75000,78000,82000
151,Maldives,..,..,..,..,..,..,..,..,..,..,..,..,..,..,..,..,..,..,..,..,..,..,..,..,..,..,..,..,..,..,..,..,..,..,..,..,..,..,..,..,..,..,..,..,..,..,..,..,..,..,..,..,..,..,..,..,..,..,..,..,..,..
152,Mali,..,..,..,..,..,..,..,..,..,..,..,..,..,..,..,..,..,..,..,..,..,..,..,..,..,..,..,..,..,..,42000,51000,60000,69000,76000,83000,90000,94000,98000,100000,100000,100000,110000,110000,110000,110000,100000,100000,110000,110000,110000,110000,110000,110000,110000,110000,110000,110000,110000,110000,110000,110000
153,Malta,..,..,..,..,..,..,..,..,..,..,..,..,..,..,..,..,..,..,..,..,..,..,..,..,..,..,..,..,..,..,..,..,..,..,..,..,..,..,..,..,..,..,..,..,..,..,..,..,..,..,..,..,..,..,..,..,..,..,..,..,..,..
154,Marshall Islands,..,..,..,..,..,..,..,..,..,..,..,..,..,..,..,..,..,..,..,..,..,..,..,..,..,..,..,..,..,..,..,..,..,..,..,..,..,..,..,..,..,..,..,..,..,..,..,..,..,..,..,..,..,..,..,..,..,..,..,..,..,..
155,Mauritania,..,..,..,..,..,..,..,..,..,..,..,..,..,..,..,..,..,..,..,..,..,..,..,..,..,..,..,..,..,..,1400,1800,2200,2700,3300,3900,4500,5100,5800,6400,7000,7600,8100,8500,8900,9200,9400,9500,9600,9600,9600,9600,9500,9400,9300,9200,9200,9200,9100,9500,9400,9400
156,Mauritius,..,..,..,..,..,..,..,..,..,..,..,..,..,..,..,..,..,..,..,..,..,..,..,..,..,..,..,..,..,..,100,100,100,200,500,540,990,1700,2600,3700,4900,6000,7000,7900,8700,9400,9900,10000,11000,11000,12000,12000,12000,12000,12000,12000,12000,12000,12000,12000,12000,12000
157,Mexico,..,..,..,..,..,..,..,..,..,..,..,..,..,..,..,..,..,..,..,..,..,..,..,..,..,..,..,..,..,..,53000,60000,67000,75000,82000,90000,98000,110000,120000,120000,130000,140000,150000,160000,170000,170000,180000,200000,210000,220000,230000,240000,250000,260000,280000,290000,300000,310000,320000,340000,350000,360000
158,"Micronesia, Fed. Sts.",..,..,..,..,..,..,..,..,..,..,..,..,..,..,..,..,..,..,..,..,..,..,..,..,..,..,..,..,..,..,..,..,..,..,..,..,..,..,..,..,..,..,..,..,..,..,..,..,..,..,..,..,..,..,..,..,..,..,..,..,..,..
159,Middle East & North Africa,..,..,..,..,..,..,..,..,..,..,..,..,..,..,..,..,..,..,..,..,..,..,..,..,..,..,..,..,..,..,..,..,..,..,..,..,..,..,..,..,..,..,..,..,..,..,..,..,..,..,..,..,..,..,..,..,..,..,..,..,..,..
160,Middle East & North Africa (excluding high income),..,..,..,..,..,..,..,..,..,..,..,..,..,..,..,..,..,..,..,..,..,..,..,..,..,..,..,..,..,..,..,..,..,..,..,..,..,..,..,..,..,..,..,..,..,..,..,..,..,..,..,..,..,..,..,..,..,..,..,..,..,..
161,Middle East & North Africa (IDA & IBRD countries),..,..,..,..,..,..,..,..,..,..,..,..,..,..,..,..,..,..,..,..,..,..,..,..,..,..,..,..,..,..,..,..,..,..,..,..,..,..,..,..,..,..,..,..,..,..,..,..,..,..,..,..,..,..,..,..,..,..,..,..,..,..
162,Middle income,..,..,..,..,..,..,..,..,..,..,..,..,..,..,..,..,..,..,..,..,..,..,..,..,..,..,..,..,..,..,..,..,..,..,..,..,..,..,..,..,..,..,..,..,..,..,..,..,..,..,..,..,..,..,..,..,..,..,..,..,..,..
163,Moldova,..,..,..,..,..,..,..,..,..,..,..,..,..,..,..,..,..,..,..,..,..,..,..,..,..,..,..,..,..,..,200,200,500,500,500,520,1200,4500,5800,6300,6800,7300,7800,8400,9000,9700,10000,11000,12000,12000,13000,13000,14000,14000,14000,15000,15000,15000,15000,15000,15000,15000
164,Monaco,..,..,..,..,..,..,..,..,..,..,..,..,..,..,..,..,..,..,..,..,..,..,..,..,..,..,..,..,..,..,..,..,..,..,..,..,..,..,..,..,..,..,..,..,..,..,..,..,..,..,..,..,..,..,..,..,..,..,..,..,..,..
165,Mongolia,..,..,..,..,..,..,..,..,..,..,..,..,..,..,..,..,..,..,..,..,..,..,..,..,..,..,..,..,..,..,100,100,100,100,100,100,100,100,100,100,100,100,100,200,200,500,500,500,500,500,500,500,500,500,500,520,540,560,580,590,610,630
166,Montenegro,..,..,..,..,..,..,..,..,..,..,..,..,..,..,..,..,..,..,..,..,..,..,..,..,..,..,..,..,..,..,100,100,100,100,100,100,100,100,100,100,100,100,100,100,100,200,200,200,200,200,200,500,500,500,500,500,500,500,500,500,500,500
167,Morocco,..,..,..,..,..,..,..,..,..,..,..,..,..,..,..,..,..,..,..,..,..,..,..,..,..,..,..,..,..,..,2500,3100,3700,4500,5300,6100,6900,7800,8600,9500,10000,11000,12000,13000,14000,15000,15000,16000,17000,17000,18000,19000,19000,20000,20000,20000,21000,21000,22000,22000,22000,23000
168,Mozambique,..,..,..,..,..,..,..,..,..,..,..,..,..,..,..,..,..,..,..,..,..,..,..,..,..,..,..,..,..,..,..,..,..,..,..,..,..,..,..,..,..,..,..,..,..,..,..,..,..,..,..,..,..,..,..,..,..,..,..,..,..,..
169,Myanmar,..,..,..,..,..,..,..,..,..,..,..,..,..,..,..,..,..,..,..,..,..,..,..,..,..,..,..,..,..,..,9400,24000,44000,58000,70000,82000,94000,110000,120000,140000,160000,180000,190000,200000,220000,230000,230000,240000,240000,250000,250000,250000,250000,260000,260000,260000,260000,260000,270000,270000,270000,270000
170,Namibia,..,..,..,..,..,..,..,..,..,..,..,..,..,..,..,..,..,..,..,..,..,..,..,..,..,..,..,..,..,..,15000,22000,32000,44000,59000,76000,94000,110000,120000,140000,140000,150000,160000,160000,160000,170000,170000,170000,180000,180000,180000,190000,190000,200000,200000,200000,210000,210000,210000,210000,210000,220000
171,Nauru,..,..,..,..,..,..,..,..,..,..,..,..,..,..,..,..,..,..,..,..,..,..,..,..,..,..,..,..,..,..,..,..,..,..,..,..,..,..,..,..,..,..,..,..,..,..,..,..,..,..,..,..,..,..,..,..,..,..,..,..,..,..
172,Nepal,..,..,..,..,..,..,..,..,..,..,..,..,..,..,..,..,..,..,..,..,..,..,..,..,..,..,..,..,..,..,100,100,100,200,500,1100,2200,4300,7600,12000,15000,19000,22000,25000,27000,29000,30000,31000,31000,31000,30000,30000,29000,28000,28000,28000,28000,28000,29000,29000,30000,30000
173,Netherlands,..,..,..,..,..,..,..,..,..,..,..,..,..,..,..,..,..,..,..,..,..,..,..,..,..,..,..,..,..,..,2000,2700,3400,4200,5000,5700,6500,7400,8300,9100,10000,11000,12000,13000,14000,15000,16000,16000,17000,18000,19000,20000,21000,22000,22000,23000,23000,24000,24000,24000,24000,24000
174,New Caledonia,..,..,..,..,..,..,..,..,..,..,..,..,..,..,..,..,..,..,..,..,..,..,..,..,..,..,..,..,..,..,..,..,..,..,..,..,..,..,..,..,..,..,..,..,..,..,..,..,..,..,..,..,..,..,..,..,..,..,..,..,..,..
175,New Zealand,..,..,..,..,..,..,..,..,..,..,..,..,..,..,..,..,..,..,..,..,..,..,..,..,..,..,..,..,..,..,750,800,850,880,900,910,960,1000,1100,1100,1200,1300,1400,1500,1600,1700,1800,2000,2100,2200,2300,2500,2600,2700,2900,3000,3100,3200,3400,3500,3600,3600
176,Nicaragua,..,..,..,..,..,..,..,..,..,..,..,..,..,..,..,..,..,..,..,..,..,..,..,..,..,..,..,..,..,..,200,500,500,500,630,920,1300,1800,2400,3000,3700,4200,4700,5100,5500,5800,6200,6600,6900,7300,7600,8000,8400,8700,9100,9400,9700,10000,10000,11000,11000,11000
177,Niger,..,..,..,..,..,..,..,..,..,..,..,..,..,..,..,..,..,..,..,..,..,..,..,..,..,..,..,..,..,..,6500,8900,12000,15000,19000,23000,27000,31000,34000,37000,40000,41000,42000,43000,42000,42000,41000,40000,38000,37000,36000,35000,34000,33000,33000,32000,31000,31000,31000,30000,30000,30000
178,Nigeria,..,..,..,..,..,..,..,..,..,..,..,..,..,..,..,..,..,..,..,..,..,..,..,..,..,..,..,..,..,..,570000,700000,830000,970000,1100000,1200000,1300000,1400000,1500000,1500000,1600000,1600000,1600000,1600000,1600000,1600000,1600000,1600000,1600000,1700000,1700000,1700000,1700000,1700000,1800000,1800000,1800000,1800000,1900000,1900000,1900000,1900000
179,North America,..,..,..,..,..,..,..,..,..,..,..,..,..,..,..,..,..,..,..,..,..,..,..,..,..,..,..,..,..,..,..,..,..,..,..,..,..,..,..,..,..,..,..,..,..,..,..,..,..,..,..,..,..,..,..,..,..,..,..,..,..,..
180,North Macedonia,..,..,..,..,..,..,..,..,..,..,..,..,..,..,..,..,..,..,..,..,..,..,..,..,..,..,..,..,..,..,..,..,..,..,..,..,..,..,..,..,..,..,..,..,..,..,..,..,..,..,..,..,..,..,..,..,..,..,..,..,..,..
181,Northern Mariana Islands,..,..,..,..,..,..,..,..,..,..,..,..,..,..,..,..,..,..,..,..,..,..,..,..,..,..,..,..,..,..,..,..,..,..,..,..,..,..,..,..,..,..,..,..,..,..,..,..,..,..,..,..,..,..,..,..,..,..,..,..,..,..
182,Norway,..,..,..,..,..,..,..,..,..,..,..,..,..,..,..,..,..,..,..,..,..,..,..,..,..,..,..,..,..,..,800,900,1000,1100,1200,1300,1300,1400,1600,1700,1800,1900,2000,2000,2100,2300,2400,2500,2600,2800,3000,3200,3400,3600,3800,4000,4100,4300,4400,4500,4500,4600
183,Not classified,..,..,..,..,..,..,..,..,..,..,..,..,..,..,..,..,..,..,..,..,..,..,..,..,..,..,..,..,..,..,..,..,..,..,..,..,..,..,..,..,..,..,..,..,..,..,..,..,..,..,..,..,..,..,..,..,..,..,..,..,..,..
184,OECD members,..,..,..,..,..,..,..,..,..,..,..,..,..,..,..,..,..,..,..,..,..,..,..,..,..,..,..,..,..,..,..,..,..,..,..,..,..,..,..,..,..,..,..,..,..,..,..,..,..,..,..,..,..,..,..,..,..,..,..,..,..,..
185,Oman,..,..,..,..,..,..,..,..,..,..,..,..,..,..,..,..,..,..,..,..,..,..,..,..,..,..,..,..,..,..,500,500,500,660,830,940,1000,1100,1100,1100,1200,1200,1200,1300,1300,1400,1400,1400,1500,1500,1600,1600,1700,1800,1900,2000,2000,2100,2200,2300,2400,2500
186,Other small states,..,..,..,..,..,..,..,..,..,..,..,..,..,..,..,..,..,..,..,..,..,..,..,..,..,..,..,..,..,..,..,..,..,..,..,..,..,..,..,..,..,..,..,..,..,..,..,..,..,..,..,..,..,..,..,..,..,..,..,..,..,..
187,Pacific island small states,..,..,..,..,..,..,..,..,..,..,..,..,..,..,..,..,..,..,..,..,..,..,..,..,..,..,..,..,..,..,..,..,..,..,..,..,..,..,..,..,..,..,..,..,..,..,..,..,..,..,..,..,..,..,..,..,..,..,..,..,..,..
188,Pakistan,..,..,..,..,..,..,..,..,..,..,..,..,..,..,..,..,..,..,..,..,..,..,..,..,..,..,..,..,..,..,100,100,100,100,100,100,200,200,500,500,500,600,800,1100,2200,10000,20000,30000,42000,55000,66000,77000,89000,100000,110000,130000,140000,150000,170000,180000,200000,210000
189,Palau,..,..,..,..,..,..,..,..,..,..,..,..,..,..,..,..,..,..,..,..,..,..,..,..,..,..,..,..,..,..,..,..,..,..,..,..,..,..,..,..,..,..,..,..,..,..,..,..,..,..,..,..,..,..,..,..,..,..,..,..,..,..
190,Panama,..,..,..,..,..,..,..,..,..,..,..,..,..,..,..,..,..,..,..,..,..,..,..,..,..,..,..,..,..,..,..,..,..,..,..,..,..,..,..,..,..,..,..,..,..,..,..,..,..,..,..,..,..,..,..,..,..,..,..,..,..,..
191,Papua New Guinea,..,..,..,..,..,..,..,..,..,..,..,..,..,..,..,..,..,..,..,..,..,..,..,..,..,..,..,..,..,..,200,500,500,660,1100,1700,2600,3900,5600,7700,10000,13000,16000,19000,22000,24000,26000,28000,29000,31000,33000,34000,36000,38000,40000,43000,45000,48000,51000,53000,56000,59000
192,Paraguay,..,..,..,..,..,..,..,..,..,..,..,..,..,..,..,..,..,..,..,..,..,..,..,..,..,..,..,..,..,..,880,1300,1700,2300,2800,3500,4100,4700,5300,6000,6600,7100,7600,8000,8400,8700,9100,9500,9900,10000,11000,11000,12000,12000,13000,13000,14000,14000,15000,15000,16000,16000
193,Peru,..,..,..,..,..,..,..,..,..,..,..,..,..,..,..,..,..,..,..,..,..,..,..,..,..,..,..,..,..,..,54000,55000,56000,56000,56000,56000,55000,54000,54000,53000,53000,53000,52000,52000,53000,53000,54000,55000,56000,57000,58000,60000,62000,64000,66000,70000,74000,79000,84000,89000,94000,98000
194,Philippines,..,..,..,..,..,..,..,..,..,..,..,..,..,..,..,..,..,..,..,..,..,..,..,..,..,..,..,..,..,..,100,100,200,200,500,500,500,500,600,760,990,1300,1700,2300,3000,3900,5100,6700,8700,12000,17000,21000,27000,34000,42000,51000,61000,73000,86000,100000,120000,140000
195,Poland,..,..,..,..,..,..,..,..,..,..,..,..,..,..,..,..,..,..,..,..,..,..,..,..,..,..,..,..,..,..,..,..,..,..,..,..,..,..,..,..,..,..,..,..,..,..,..,..,..,..,..,..,..,..,..,..,..,..,..,..,..,..
196,Portugal,..,..,..,..,..,..,..,..,..,..,..,..,..,..,..,..,..,..,..,..,..,..,..,..,..,..,..,..,..,..,11000,13000,16000,18000,20000,22000,24000,25000,26000,27000,28000,30000,31000,32000,33000,34000,35000,35000,36000,37000,37000,38000,39000,39000,40000,40000,41000,41000,42000,42000,42000,43000
197,Post-demographic dividend,..,..,..,..,..,..,..,..,..,..,..,..,..,..,..,..,..,..,..,..,..,..,..,..,..,..,..,..,..,..,..,..,..,..,..,..,..,..,..,..,..,..,..,..,..,..,..,..,..,..,..,..,..,..,..,..,..,..,..,..,..,..
198,Pre-demographic dividend,..,..,..,..,..,..,..,..,..,..,..,..,..,..,..,..,..,..,..,..,..,..,..,..,..,..,..,..,..,..,..,..,..,..,..,..,..,..,..,..,..,..,..,..,..,..,..,..,..,..,..,..,..,..,..,..,..,..,..,..,..,..
199,Puerto Rico,..,..,..,..,..,..,..,..,..,..,..,..,..,..,..,..,..,..,..,..,..,..,..,..,..,..,..,..,..,..,..,..,..,..,..,..,..,..,..,..,..,..,..,..,..,..,..,..,..,..,..,..,..,..,..,..,..,..,..,..,..,..
200,Qatar,..,..,..,..,..,..,..,..,..,..,..,..,..,..,..,..,..,..,..,..,..,..,..,..,..,..,..,..,..,..,100,100,100,100,100,100,100,100,100,100,100,100,100,100,100,100,100,200,200,200,200,200,200,200,200,200,200,500,500,500,500,500
201,Romania,..,..,..,..,..,..,..,..,..,..,..,..,..,..,..,..,..,..,..,..,..,..,..,..,..,..,..,..,..,..,2700,4500,6000,7200,8200,8500,8900,9300,9800,10000,11000,12000,12000,13000,14000,14000,15000,16000,16000,16000,17000,17000,17000,17000,18000,18000,18000,19000,19000,19000,20000,20000
202,Russian Federation,..,..,..,..,..,..,..,..,..,..,..,..,..,..,..,..,..,..,..,..,..,..,..,..,..,..,..,..,..,..,..,..,..,..,..,..,..,..,..,..,..,..,..,..,..,..,..,..,..,..,..,..,..,..,..,..,..,..,..,..,..,..
203,Rwanda,..,..,..,..,..,..,..,..,..,..,..,..,..,..,..,..,..,..,..,..,..,..,..,..,..,..,..,..,..,..,100000,120000,130000,140000,140000,150000,160000,180000,190000,200000,210000,220000,220000,220000,210000,210000,210000,210000,220000,220000,220000,220000,220000,220000,220000,220000,230000,230000,230000,230000,230000,230000
204,Samoa,..,..,..,..,..,..,..,..,..,..,..,..,..,..,..,..,..,..,..,..,..,..,..,..,..,..,..,..,..,..,..,..,..,..,..,..,..,..,..,..,..,..,..,..,..,..,..,..,..,..,..,..,..,..,..,..,..,..,..,..,..,..
205,San Marino,..,..,..,..,..,..,..,..,..,..,..,..,..,..,..,..,..,..,..,..,..,..,..,..,..,..,..,..,..,..,..,..,..,..,..,..,..,..,..,..,..,..,..,..,..,..,..,..,..,..,..,..,..,..,..,..,..,..,..,..,..,..
206,Sao Tome and Principe,..,..,..,..,..,..,..,..,..,..,..,..,..,..,..,..,..,..,..,..,..,..,..,..,..,..,..,..,..,..,840,1100,1300,1600,1800,1900,2000,2100,2100,2100,2000,2000,1900,1800,1700,1600,1600,1500,1500,1400,1300,1300,1200,1100,1100,1000,1000,980,960,930,910,900
207,Saudi Arabia,..,..,..,..,..,..,..,..,..,..,..,..,..,..,..,..,..,..,..,..,..,..,..,..,..,..,..,..,..,..,..,..,..,..,..,..,..,..,..,..,..,..,..,..,..,..,..,..,..,..,..,..,..,..,..,..,..,..,..,..,..,..
208,Senegal,..,..,..,..,..,..,..,..,..,..,..,..,..,..,..,..,..,..,..,..,..,..,..,..,..,..,..,..,..,..,5500,7100,9200,12000,14000,18000,21000,25000,29000,33000,36000,40000,43000,45000,47000,48000,48000,48000,48000,48000,48000,47000,46000,45000,43000,42000,41000,40000,40000,40000,40000,40000
209,Serbia,..,..,..,..,..,..,..,..,..,..,..,..,..,..,..,..,..,..,..,..,..,..,..,..,..,..,..,..,..,..,1200,1300,1400,1400,1400,1400,1300,1200,1100,1000,940,890,850,860,940,1000,1200,1300,1400,1600,1700,1900,2100,2200,2400,2600,2800,2900,3100,3300,3400,3600
210,Seychelles,..,..,..,..,..,..,..,..,..,..,..,..,..,..,..,..,..,..,..,..,..,..,..,..,..,..,..,..,..,..,..,..,..,..,..,..,..,..,..,..,..,..,..,..,..,..,..,..,..,..,..,..,..,..,..,..,..,..,..,..,..,..
211,Sierra Leone,..,..,..,..,..,..,..,..,..,..,..,..,..,..,..,..,..,..,..,..,..,..,..,..,..,..,..,..,..,..,17000,20000,24000,27000,30000,34000,37000,40000,43000,46000,50000,53000,56000,60000,62000,64000,66000,67000,68000,69000,70000,71000,72000,73000,74000,75000,75000,75000,76000,76000,76000,76000
212,Singapore,..,..,..,..,..,..,..,..,..,..,..,..,..,..,..,..,..,..,..,..,..,..,..,..,..,..,..,..,..,..,500,540,700,890,1100,1400,1600,1900,2200,2600,2900,3200,3500,3900,4100,4400,4700,5000,5300,5600,5900,6300,6600,6900,7100,7400,7600,7800,7900,8000,8100,8000
213,Sint Maarten (Dutch part),..,..,..,..,..,..,..,..,..,..,..,..,..,..,..,..,..,..,..,..,..,..,..,..,..,..,..,..,..,..,..,..,..,..,..,..,..,..,..,..,..,..,..,..,..,..,..,..,..,..,..,..,..,..,..,..,..,..,..,..,..,..
214,Slovak Republic,..,..,..,..,..,..,..,..,..,..,..,..,..,..,..,..,..,..,..,..,..,..,..,..,..,..,..,..,..,..,100,100,100,100,100,100,100,100,200,200,200,200,200,500,500,500,500,500,500,500,500,500,500,540,620,700,790,870,960,1000,1100,1200
215,Slovenia,..,..,..,..,..,..,..,..,..,..,..,..,..,..,..,..,..,..,..,..,..,..,..,..,..,..,..,..,..,..,200,200,200,200,200,200,200,200,200,200,200,500,500,500,500,500,500,510,570,610,650,690,720,740,760,780,790,800,810,820,820,820
216,Small states,..,..,..,..,..,..,..,..,..,..,..,..,..,..,..,..,..,..,..,..,..,..,..,..,..,..,..,..,..,..,..,..,..,..,..,..,..,..,..,..,..,..,..,..,..,..,..,..,..,..,..,..,..,..,..,..,..,..,..,..,..,..
217,Solomon Islands,..,..,..,..,..,..,..,..,..,..,..,..,..,..,..,..,..,..,..,..,..,..,..,..,..,..,..,..,..,..,..,..,..,..,..,..,..,..,..,..,..,..,..,..,..,..,..,..,..,..,..,..,..,..,..,..,..,..,..,..,..,..
218,Somalia,..,..,..,..,..,..,..,..,..,..,..,..,..,..,..,..,..,..,..,..,..,..,..,..,..,..,..,..,..,..,2500,3200,3900,4700,5600,6500,7600,8700,9800,11000,12000,13000,14000,14000,15000,15000,15000,15000,14000,14000,13000,12000,12000,11000,11000,10000,9500,9000,8600,8300,8000,7700
219,South Africa,..,..,..,..,..,..,..,..,..,..,..,..,..,..,..,..,..,..,..,..,..,..,..,..,..,..,..,..,..,..,160000,260000,410000,620000,870000,1200000,1500000,1900000,2200000,2600000,2900000,3200000,3500000,3800000,4000000,4200000,4400000,4600000,4800000,5000000,5300000,5600000,5800000,6100000,6300000,6500000,6800000,6900000,7100000,7300000,7400000,7500000
220,South Asia,..,..,..,..,..,..,..,..,..,..,..,..,..,..,..,..,..,..,..,..,..,..,..,..,..,..,..,..,..,..,..,..,..,..,..,..,..,..,..,..,..,..,..,..,..,..,..,..,..,..,..,..,..,..,..,..,..,..,..,..,..,..
221,South Asia (IDA & IBRD),..,..,..,..,..,..,..,..,..,..,..,..,..,..,..,..,..,..,..,..,..,..,..,..,..,..,..,..,..,..,..,..,..,..,..,..,..,..,..,..,..,..,..,..,..,..,..,..,..,..,..,..,..,..,..,..,..,..,..,..,..,..
222,South Sudan,..,..,..,..,..,..,..,..,..,..,..,..,..,..,..,..,..,..,..,..,..,..,..,..,..,..,..,..,..,..,22000,26000,31000,35000,41000,46000,53000,60000,67000,74000,80000,86000,92000,97000,100000,110000,110000,120000,120000,130000,130000,140000,140000,140000,140000,150000,150000,150000,160000,160000,170000,170000
223,Spain,..,..,..,..,..,..,..,..,..,..,..,..,..,..,..,..,..,..,..,..,..,..,..,..,..,..,..,..,..,..,64000,74000,83000,90000,95000,98000,99000,100000,100000,110000,110000,110000,120000,120000,120000,120000,120000,130000,130000,130000,130000,130000,140000,140000,140000,140000,140000,150000,150000,150000,150000,160000
224,Sri Lanka,..,..,..,..,..,..,..,..,..,..,..,..,..,..,..,..,..,..,..,..,..,..,..,..,..,..,..,..,..,..,100,100,200,500,500,540,770,1100,1400,1700,2000,2400,2700,2900,3200,3400,3500,3700,3700,3800,3800,3800,3800,3800,3700,3700,3700,3700,3600,3600,3600,3600
225,St. Kitts and Nevis,..,..,..,..,..,..,..,..,..,..,..,..,..,..,..,..,..,..,..,..,..,..,..,..,..,..,..,..,..,..,..,..,..,..,..,..,..,..,..,..,..,..,..,..,..,..,..,..,..,..,..,..,..,..,..,..,..,..,..,..,..,..
226,St. Lucia,..,..,..,..,..,..,..,..,..,..,..,..,..,..,..,..,..,..,..,..,..,..,..,..,..,..,..,..,..,..,..,..,..,..,..,..,..,..,..,..,..,..,..,..,..,..,..,..,..,..,..,..,..,..,..,..,..,..,..,..,..,..
227,St. Martin (French part),..,..,..,..,..,..,..,..,..,..,..,..,..,..,..,..,..,..,..,..,..,..,..,..,..,..,..,..,..,..,..,..,..,..,..,..,..,..,..,..,..,..,..,..,..,..,..,..,..,..,..,..,..,..,..,..,..,..,..,..,..,..
228,St. Vincent and the Grenadines,..,..,..,..,..,..,..,..,..,..,..,..,..,..,..,..,..,..,..,..,..,..,..,..,..,..,..,..,..,..,..,..,..,..,..,..,..,..,..,..,..,..,..,..,..,..,..,..,..,..,..,..,..,..,..,..,..,..,..,..,..,..
229,Sub-Saharan Africa,..,..,..,..,..,..,..,..,..,..,..,..,..,..,..,..,..,..,..,..,..,..,..,..,..,..,..,..,..,..,..,..,..,..,..,..,..,..,..,..,..,..,..,..,..,..,..,..,..,..,..,..,..,..,..,..,..,..,..,..,..,..
230,Sub-Saharan Africa (excluding high income),..,..,..,..,..,..,..,..,..,..,..,..,..,..,..,..,..,..,..,..,..,..,..,..,..,..,..,..,..,..,..,..,..,..,..,..,..,..,..,..,..,..,..,..,..,..,..,..,..,..,..,..,..,..,..,..,..,..,..,..,..,..
231,Sub-Saharan Africa (IDA & IBRD countries),..,..,..,..,..,..,..,..,..,..,..,..,..,..,..,..,..,..,..,..,..,..,..,..,..,..,..,..,..,..,..,..,..,..,..,..,..,..,..,..,..,..,..,..,..,..,..,..,..,..,..,..,..,..,..,..,..,..,..,..,..,..
232,Sudan,..,..,..,..,..,..,..,..,..,..,..,..,..,..,..,..,..,..,..,..,..,..,..,..,..,..,..,..,..,..,7200,9100,11000,14000,16000,19000,21000,24000,26000,28000,30000,32000,33000,34000,35000,36000,36000,37000,37000,37000,37000,38000,38000,38000,38000,38000,38000,38000,39000,40000,40000,41000
233,Suriname,..,..,..,..,..,..,..,..,..,..,..,..,..,..,..,..,..,..,..,..,..,..,..,..,..,..,..,..,..,..,500,550,690,860,1100,1300,1500,1800,2100,2500,2800,3100,3300,3600,3800,4000,4200,4300,4500,4700,4800,4900,5000,5200,5300,5400,5500,5600,5700,5900,6000,6100
234,Sweden,..,..,..,..,..,..,..,..,..,..,..,..,..,..,..,..,..,..,..,..,..,..,..,..,..,..,..,..,..,..,..,..,..,..,..,..,..,..,..,..,..,..,..,..,..,..,..,..,..,..,..,..,..,..,..,..,..,..,..,..,..,..
235,Switzerland,..,..,..,..,..,..,..,..,..,..,..,..,..,..,..,..,..,..,..,..,..,..,..,..,..,..,..,..,..,..,12000,12000,12000,12000,12000,11000,11000,10000,10000,10000,11000,11000,11000,12000,12000,13000,13000,14000,14000,15000,15000,15000,16000,16000,16000,17000,17000,17000,17000,17000,17000,17000
236,Syrian Arab Republic,..,..,..,..,..,..,..,..,..,..,..,..,..,..,..,..,..,..,..,..,..,..,..,..,..,..,..,..,..,..,100,200,200,200,200,200,200,200,500,500,500,500,500,500,500,500,500,500,500,500,500,510,520,530,540,550,560,580,610,660,730,810
237,Tajikistan,..,..,..,..,..,..,..,..,..,..,..,..,..,..,..,..,..,..,..,..,..,..,..,..,..,..,..,..,..,..,100,100,100,100,100,100,100,100,100,100,100,100,200,500,500,700,1100,1800,2600,3700,5300,6300,7200,7900,8500,9100,9900,11000,11000,12000,13000,13000
238,Tanzania,..,..,..,..,..,..,..,..,..,..,..,..,..,..,..,..,..,..,..,..,..,..,..,..,..,..,..,..,..,..,670000,800000,920000,1000000,1100000,1200000,1300000,1300000,1400000,1400000,1400000,1400000,1400000,1400000,1400000,1400000,1400000,1400000,1400000,1400000,1400000,1400000,1400000,1500000,1500000,1600000,1600000,1600000,1700000,1700000,1700000,1700000
239,Thailand,..,..,..,..,..,..,..,..,..,..,..,..,..,..,..,..,..,..,..,..,..,..,..,..,..,..,..,..,..,..,250000,390000,510000,610000,670000,720000,750000,770000,780000,780000,780000,760000,740000,720000,690000,670000,650000,640000,630000,620000,610000,600000,580000,570000,570000,560000,550000,540000,540000,530000,530000,520000
240,Timor-Leste,..,..,..,..,..,..,..,..,..,..,..,..,..,..,..,..,..,..,..,..,..,..,..,..,..,..,..,..,..,..,100,100,100,100,200,200,200,200,200,200,200,500,500,500,500,500,500,500,500,500,530,590,660,730,810,890,980,1100,1200,1200,1300,1400
241,Togo,..,..,..,..,..,..,..,..,..,..,..,..,..,..,..,..,..,..,..,..,..,..,..,..,..,..,..,..,..,..,14000,19000,25000,33000,42000,53000,65000,77000,88000,98000,100000,110000,110000,110000,110000,110000,110000,110000,110000,110000,110000,110000,110000,110000,110000,110000,110000,110000,110000,110000,110000,110000
242,Tonga,..,..,..,..,..,..,..,..,..,..,..,..,..,..,..,..,..,..,..,..,..,..,..,..,..,..,..,..,..,..,..,..,..,..,..,..,..,..,..,..,..,..,..,..,..,..,..,..,..,..,..,..,..,..,..,..,..,..,..,..,..,..
243,Trinidad and Tobago,..,..,..,..,..,..,..,..,..,..,..,..,..,..,..,..,..,..,..,..,..,..,..,..,..,..,..,..,..,..,2100,2600,3100,3700,4400,5200,5900,6700,7500,8300,9000,9700,10000,11000,11000,12000,12000,12000,12000,12000,12000,12000,12000,12000,12000,12000,11000,11000,11000,11000,11000,11000
244,Tunisia,..,..,..,..,..,..,..,..,..,..,..,..,..,..,..,..,..,..,..,..,..,..,..,..,..,..,..,..,..,..,100,100,100,100,100,100,200,200,200,500,500,500,500,630,840,1100,1400,1800,2200,2600,2900,3300,3600,3800,4100,4300,4500,4700,4800,5000,5200,5400
245,Turkiye,..,..,..,..,..,..,..,..,..,..,..,..,..,..,..,..,..,..,..,..,..,..,..,..,..,..,..,..,..,..,..,..,..,..,..,..,..,..,..,..,..,..,..,..,..,..,..,..,..,..,..,..,..,..,..,..,..,..,..,..,..,..
246,Turkmenistan,..,..,..,..,..,..,..,..,..,..,..,..,..,..,..,..,..,..,..,..,..,..,..,..,..,..,..,..,..,..,..,..,..,..,..,..,..,..,..,..,..,..,..,..,..,..,..,..,..,..,..,..,..,..,..,..,..,..,..,..,..,..
247,Turks and Caicos Islands,..,..,..,..,..,..,..,..,..,..,..,..,..,..,..,..,..,..,..,..,..,..,..,..,..,..,..,..,..,..,..,..,..,..,..,..,..,..,..,..,..,..,..,..,..,..,..,..,..,..,..,..,..,..,..,..,..,..,..,..,..,..
248,Tuvalu,..,..,..,..,..,..,..,..,..,..,..,..,..,..,..,..,..,..,..,..,..,..,..,..,..,..,..,..,..,..,..,..,..,..,..,..,..,..,..,..,..,..,..,..,..,..,..,..,..,..,..,..,..,..,..,..,..,..,..,..,..,..
249,Uganda,..,..,..,..,..,..,..,..,..,..,..,..,..,..,..,..,..,..,..,..,..,..,..,..,..,..,..,..,..,..,830000,870000,900000,920000,940000,950000,960000,960000,960000,960000,950000,950000,950000,950000,960000,970000,990000,1000000,1000000,1000000,1100000,1100000,1100000,1200000,1200000,1200000,1300000,1300000,1300000,1400000,1400000,1400000
250,Ukraine,..,..,..,..,..,..,..,..,..,..,..,..,..,..,..,..,..,..,..,..,..,..,..,..,..,..,..,..,..,..,4100,6600,11000,19000,31000,49000,73000,100000,130000,160000,180000,200000,220000,230000,240000,240000,240000,240000,240000,240000,230000,230000,230000,230000,230000,230000,230000,230000,240000,240000,240000,240000
251,United Arab Emirates,..,..,..,..,..,..,..,..,..,..,..,..,..,..,..,..,..,..,..,..,..,..,..,..,..,..,..,..,..,..,..,..,..,..,..,..,..,..,..,..,..,..,..,..,..,..,..,..,..,..,..,..,..,..,..,..,..,..,..,..,..,..
252,United Kingdom,..,..,..,..,..,..,..,..,..,..,..,..,..,..,..,..,..,..,..,..,..,..,..,..,..,..,..,..,..,..,..,..,..,..,..,..,..,..,..,..,..,..,..,..,..,..,..,..,..,..,..,..,..,..,..,..,..,..,..,..,..,..
253,United States,..,..,..,..,..,..,..,..,..,..,..,..,..,..,..,..,..,..,..,..,..,..,..,..,..,..,..,..,..,..,..,..,..,..,..,..,..,..,..,..,..,..,..,..,..,..,..,..,..,..,940000,970000,1000000,1000000,1000000,1100000,1100000,1100000,1100000,1200000,..,..
254,Upper middle income,..,..,..,..,..,..,..,..,..,..,..,..,..,..,..,..,..,..,..,..,..,..,..,..,..,..,..,..,..,..,..,..,..,..,..,..,..,..,..,..,..,..,..,..,..,..,..,..,..,..,..,..,..,..,..,..,..,..,..,..,..,..
255,Uruguay,..,..,..,..,..,..,..,..,..,..,..,..,..,..,..,..,..,..,..,..,..,..,..,..,..,..,..,..,..,..,880,1200,1700,2200,2700,3200,3700,4200,4700,5000,5400,5700,6000,6200,6500,6800,7200,7500,7900,8300,8700,9200,9600,10000,11000,11000,12000,12000,13000,13000,14000,15000
256,Uzbekistan,..,..,..,..,..,..,..,..,..,..,..,..,..,..,..,..,..,..,..,..,..,..,..,..,..,..,..,..,..,..,100,100,100,100,200,200,500,500,510,750,1100,1700,2500,3700,6100,9000,12000,15000,19000,22000,25000,28000,31000,34000,37000,40000,43000,46000,50000,53000,56000,59000
257,Vanuatu,..,..,..,..,..,..,..,..,..,..,..,..,..,..,..,..,..,..,..,..,..,..,..,..,..,..,..,..,..,..,..,..,..,..,..,..,..,..,..,..,..,..,..,..,..,..,..,..,..,..,..,..,..,..,..,..,..,..,..,..,..,..
258,"Venezuela, RB",..,..,..,..,..,..,..,..,..,..,..,..,..,..,..,..,..,..,..,..,..,..,..,..,..,..,..,..,..,..,14000,13000,13000,13000,14000,15000,18000,23000,30000,39000,50000,62000,74000,84000,92000,98000,100000,100000,100000,100000,100000,100000,100000,100000,100000,100000,99000,98000,97000,95000,96000,98000
259,Vietnam,..,..,..,..,..,..,..,..,..,..,..,..,..,..,..,..,..,..,..,..,..,..,..,..,..,..,..,..,..,..,1700,3800,8100,16000,27000,42000,57000,72000,87000,100000,120000,130000,140000,150000,160000,170000,180000,190000,190000,200000,210000,210000,220000,220000,230000,230000,240000,240000,240000,240000,240000,240000
260,Virgin Islands (U.S.),..,..,..,..,..,..,..,..,..,..,..,..,..,..,..,..,..,..,..,..,..,..,..,..,..,..,..,..,..,..,..,..,..,..,..,..,..,..,..,..,..,..,..,..,..,..,..,..,..,..,..,..,..,..,..,..,..,..,..,..,..,..
261,West Bank and Gaza,..,..,..,..,..,..,..,..,..,..,..,..,..,..,..,..,..,..,..,..,..,..,..,..,..,..,..,..,..,..,..,..,..,..,..,..,..,..,..,..,..,..,..,..,..,..,..,..,..,..,..,..,..,..,..,..,..,..,..,..,..,..
262,World,..,..,..,..,..,..,..,..,..,..,..,..,..,..,..,..,..,..,..,..,..,..,..,..,..,..,..,..,..,..,8500000,10400000,12400000,14500000,16600000,18600000,20500000,22200000,23800000,25000000,26000000,26800000,27400000,27800000,28200000,28500000,28800000,29200000,29600000,30200000,30800000,31500000,32200000,32900000,33700000,34400000,35200000,35900000,36500000,37200000,37800000,38400000
263,"Yemen, Rep.",..,..,..,..,..,..,..,..,..,..,..,..,..,..,..,..,..,..,..,..,..,..,..,..,..,..,..,..,..,..,840,950,1100,1200,1400,1500,1600,1800,1900,2000,2200,2400,2500,2700,2900,3100,3400,3600,3900,4200,4600,5000,5500,5900,6400,6900,7400,8000,8500,9100,9700,10000
264,Zambia,..,..,..,..,..,..,..,..,..,..,..,..,..,..,..,..,..,..,..,..,..,..,..,..,..,..,..,..,..,..,380000,460000,530000,600000,660000,710000,760000,800000,830000,860000,880000,900000,910000,920000,930000,930000,940000,960000,970000,1000000,1000000,1100000,1100000,1100000,1200000,1200000,1200000,1300000,1300000,1300000,1300000,1300000
265,Zimbabwe,..,..,..,..,..,..,..,..,..,..,..,..,..,..,..,..,..,..,..,..,..,..,..,..,..,..,..,..,..,..,790000,980000,1100000,1300000,1400000,1500000,1600000,1600000,1600000,1600000,1600000,1600000,1500000,1500000,1400000,1400000,1300000,1300000,1300000,1200000,1200000,1300000,1300000,1300000,1300000,1300000,1300000,1300000,1300000,1300000,1300000,1300000
266,,,,,,,,,,,,,,,,,,,,,,,,,,,,,,,,,,,,,,,,,,,,,,,,,,,,,,,,,,,,,,,
267,,,,,,,,,,,,,,,,,,,,,,,,,,,,,,,,,,,,,,,,,,,,,,,,,,,,,,,,,,,,,,,
268,,,,,,,,,,,,,,,,,,,,,,,,,,,,,,,,,,,,,,,,,,,,,,,,,,,,,,,,,,,,,,,
269,Data from database: Health Nutrition and Population Statistics,,,,,,,,,,,,,,,,,,,,,,,,,,,,,,,,,,,,,,,,,,,,,,,,,,,,,,,,,,,,,,
270,Last Updated: 12/23/2022,,,,,,,,,,,,,,,,,,,,,,,,,,,,,,,,,,,,,,,,,,,,,,,,,,,,,,,,,,,,,,
